id,nm
117,alchemist's supplies
118,brewer's supplies
119,calligrapher's supplies
120,carpenter's tools
121,cartographer's tools
122,cobbler's tools
123,cook's utensils
124,glassblower's tools
125,jeweler's tools
126,leatherworker's tools
127,mason's tools
128,painter's tools
129,potter's tools
130,smith's tools
131,tinker's tools
132,weaver's tools
133,woodcarver's tools
134,disguise kit
135,forgery kit
136,dice set
137,dragonchess set
138,playing card set
139,three dragon ante set
140,herbalism kit
141,navigator's tools
142,poisoner's kit
143,thieves' tools
144,bagpipes
145,drum
146,dulcimer
147,flute
148,lute
149,lyre
150,horn
151,pan flute
152,shawm
153,viol
